Year,Title,Actor,Actress
1990,Tie Me Up! Tie Me Down!,Banderas Antonio,Abril Victoria
1991,High Heels,Bosé Miguel,Abril Victoria
1983,Dead Zone The,Walken Christopher,Adams Brooke
1979,Cuba,Connery Sean,Adams Brooke
1978,Days of Heaven,Gere Richard,Adams Brooke
1983,Octopussy,Moore Roger,Adams Maud
1984,Target Eagle,Connors Chuck,Adams Maud
1989,American Angels: Baptism of Blood The,Bergen Robert D.,Adams Trudy
1985,Subway,Lambert Christopher,Adjani Isabelle
1990,Camille Claudel,Depardieu Gérard,Adjani Isabelle
1982,Fanny and Alexander,Ahlstedt Börje,Adolphson Kristina
1982,Tragedy of a Ridiculous Man,Tognazzi Ugo,Aimee Anouk
1966,A Man & a Woman,Trintignant Jean-Louis,Aimee Anouk
1986,A Man & a Woman: Twenty Years Later,Trintignant Jean-Louis,Aimee Anouk
1966,Un Hombre y una Mujer,Trintignant Jean-Louis,Aimee Anouk
1985,Official Story The,Alterio Hector,Aleandro Norma
1976,Lindbergh Kidnapping Case The,Hopkins Anthony,Alexander Denise
1929,Blackmail,Longden John,Algood Sara
1963,Donovan's Reef,Wayne John,Allen Elizabeth
1988,Tucker: The Man & His Dream,Bridges Jeff,Allen Joan
1988,Scrooged,Murray Bill,Allen Karen
1981,Raiders of the Lost Ark,Ford Harrison,Allen Karen
1987,Running Man The,Schwarzenegger Arnold,Alonso Maria Conchita
1991,Predator 2,Glover Danny,Alonso Maria Conchita
1988,Colors,Penn Sean,Alonso Maria Conchita
1990,Zandalee,Cage Nicolas,Anderson Erika
1988,Miles from Home,Anderson Kevin,Anderson Jo
1980,Happy Birthday to Me,Ford Glenn,Anderson Melissa Sue
1989,Final Notice,Gerard Gil,Anderson Melody
1979,Quintet,Newman Paul,Andersson Bibi
1960,Devil's Eye The,Kulle Jarl,Andersson Bibi
1957,Wild Strawberries,Sjöström Victor,Andersson Bibi
1956,Seventh Seal The,Sydow Max von,Andersson Bibi
1992,Germicide,Taylor Rod,Andersson Bibi
1955,Dreams,Björnstrand Gunnar,Andersson Harriet
1955,Naked Night The,Björnstrand Gunnar,Andersson Harriet
1962,Through a Glass Darkly,Björnstrand Gunnar,Andersson Harriet
1972,Cries & Whispers,Josephson Erland,Andersson Harriet
1958,Barbarian & the Geisha The,Wayne John,Ando Eiko
1967,Casino Royale,Niven David,Andress Ursula
1962,Dr. No,Connery Sean,Andress Ursula
1954,Elephant Walk,Finch Peter,Andrews Dana
1979,Ten,Moore Dudley,Andrews Julie
1983,Man Who Loved Women The,Reynolds Burt,Andrews Julie
1966,Hawaii,Sydow Max von,Andrews Julie
1966,Torn Curtain,Newman Paul,Andrews Julie
1986,Duet for One,Bates Alan,Andrews Julie
1965,Sound of Music The,Plummer Christopher,Andrews Julie
1985,Gonzo Presents Muppet Weird Stuff,Cleese John,Andrews Julie
1984,Tartuffe,Depardieu Gérard,Annen Paule
1988,A New Life,Alda Alan,Ann-Margret
1978,Magic,Hopkins Anthony,Ann-Margret
1992,Tommy,Daltry Roger,Ann-Margret
1978,Big Fix The,Dreyfuss Richard,Anspach Susan
1992,Alan & Naomi,Haas Lukas,Aquino Vanessa
1987,Fatal Attraction,Douglas Michael,Archer Anne
1992,Patriot Games,Ford Harrison,Archer Anne
1981,Woman Next Door The,Depardieu Gérard,Ardant Fanny
1992,Hunting,Savage John,Armstrong Kerry
1991,Bataan,Taylor Robert,Arnaz Desi
1924,Siegfried The Nibelungenlied,Richter Paul,Arnold Gertrud
1991,Henry Portrait of a Serial Killer,Rooker Michael,Arnold Tracy
1988,Big Blue The,Barr Jean-Marc,Arquette Rosanna
1991,Flight of the Intruder,Glover Danny,Arquette Rosanna
1986,Nobody's Fool,Roberts Eric,Arquette Rosanna
1985,After Hours,Dunne Griffin,Arquette Rosanna
1985,Desperately Seeking Susan,Quinn Aidan,Arquette Rosanna
1971,A New Leaf,Matthau Walter,Arrick Rose
1959,Killers of Kilimanjaro,Taylor Robert,Aslan Gregoire
1926,Don Juan,Barrymore John,Astor Mary
1987,Babette's Feast,LaFont Jean-Philippe,Audran Stéphane
1989,Vincent Francois Paul & the Others,Montand Yves,Audran Stéphane
1988,Thunderball,Connery Sean,Auger Claudine
1926,Lodger (Story of the London Fog),Chesney Arthur,Ault Marie
1988,Appointment with Death,Ustinov Peter,Bacall Lauren
1974,Murder on the Orient Express,Balsam Martin,Bacall Lauren
1955,Blood Alley,Wayne John,Bacall Lauren
1977,Spy Who Loved Me The,Moore Roger,Bach Barbara
1988,Storm,Palfy David,Bahtia Stacy Christensen
1991,Bloodbath,Hopper Dennis,Baker Carroll
1989,Miami Cops,Roundtree Richard,Baker Dawn
1996,Island of Dr. Moreau The,Thewlis David,Balk Fairuza
1992,Eighty-Four Charing Cross Road,Hopkins Anthony,Bancroft Anne
1980,Elephant Man The,Hopkins Anthony,Bancroft Anne
1988,Dr Alien,Jacoby Billy,Barash Olivia
1982,Creepshow,Holbrook Hal,Barbeau Adrienne
1987,Sammy & Rosie Get Laid,Din Ayub Khan,Barber Frances
1971,Goalie's Anxiety at the Penalty Kick The,Brauss Arthur,Bardischewski Maria
1957,Mademoiselle Striptease,Gelin Daniel,Bardot Brigitte
1969,Women The,Ronet Maurice,Bardot Brigitte
1958,That Naughty Girl,Bretonniere Jean,Bardot Brigitte
1959,Voulez-Vous Danser Avec Moi?,Vidal Henri,Bardot Brigitte
1967,A Coeur Joie (Head Over Heels),Terzieff Laurent,Bardot Brigitte
1968,Shalako,Connery Sean,Bardot Brigitte
1964,Contempt,Palance Jack,Bardot Brigitte
1965,Dear Brigitte,Mumy Billy,Bardot Brigitte
1962,A Very Private Affair,Mastroianni Marcello,Bardot Brigitte
1964,Ravishing Idiot The,Perkins Anthony,Bardot Brigitte
1958,Bride Is Much Too Beautiful The,Jourdan Louis,Bardot Brigitte
1955,Doctor at Sea,Bogarde Dirk,Bardot Brigitte
1962,Le Repos Du Guerrier (Warrior's Rest),Hossein Robert,Bardot Brigitte
1957,And God Created Woman,Jurgens Curt,Bardot Brigitte
1973,Ms. Don Juan,Ronet Maurice,Bardot Brigitte
1987,Siesta,Byrne Gabriel,Barkin Ellen
1932,Rich & Strange,Kendall Henry,Barry Joan
1987,Lionheart,Stoltz Eric,Barrymore Deborah
1982,E. T. The Extra-Terrestrial,Wallace Dee,Barrymore Drew
1992,Cool World,Byrne Gabriel,Basinger Kim
1988,Nadine,Bridges Jeff,Basinger Kim
1989,Batman,Nicholson Jack,Basinger Kim
1987,Blind Date,Willis Bruce,Basinger Kim
1982,Mother Lode,Heston Charlton,Basinger Kim
1992,Final Analysis,Gere Richard,Basinger Kim
1983,Never Say Never Again,Connery Sean,Basinger Kim
1986,Nine & a Half Weeks,Rourke Mickey,Basinger Kim
1989,Killjoy,Culp Robert,Basinger Kim
1986,No Mercy,Gere Richard,Basinger Kim
1991,Marrying Man The,Baldwin Alec,Basinger Kim
1990,Misery,Caan James,Bates Kathy
1946,Crisis,Andersson Wiktor,Baude Anna-Lisa
1984,Samson & Delilah,Hamilton Antony,Bauer Belinda
1990,Act of Piracy,Busey Gary,Bauer Belinda
1988,Split Decisions,Hackman Gene,Beals Jennifer
1989,Vampire's Kiss,Cage Nicolas,Beals Jennifer
1988,Nightmare at Noon,Hauser Wings,Beck Kimberly
1990,Presumed Innocent,Ford Harrison,Bedelia Bonnie
1942,Reap the Wild Wind,Wayne John,Beecher Janet
1972,Pocket Money,Newman Paul,Belford Christine
1977,Mary White,Flanders Ed,Beller Kathleen
1982,Catch a Rising Star Tenth Anniversary,Belzer Richard,Benatar Pat
1990,Guilty by Suspicion,De Niro Robert,Bening Annette
1948,Secret Beyond the Door,Redgrave Michael,Bennett Joan
1945,Scarlet Street,Robinson Edward G.,Bennett Joan
1988,Daffy Duck's Quackbusters,Blanc Mel,Bennett Julie
1985,Rowlf's Rhapsodies with the Muppets,Burns George,Berenson Marisa
1982,Gandhi,Kingsley Ben,Bergen Candice
1975,Wind & the Lion The,Connery Sean,Bergen Candice
1971,Carnal Knowledge,Nicholson Jack,Bergen Candice
1970,Getting Straight,Gould Elliott,Bergen Candice
1972,Scarlet Letter The,Albaicín Rafael,Berger Senta
1935,Count of Old Town The,Adolphson Edvin,Bergman Ingrid
1978,Autumn Sonata,Björk Halvar,Bergman Ingrid
1944,Gaslight,Boyer Charles,Bergman Ingrid
1958,Indiscreet,Grant Cary,Bergman Ingrid
1941,Walpurgis Night,Sjöström Victor,Bergman Ingrid
1948,Joan of Arc,Ferrer Jose,Bergman Ingrid
1982,A Woman Called Golda,Beatty Ned,Bergman Ingrid
1969,A Walk in the Spring Rain,Quinn Anthony,Bergman Ingrid
1949,Under Capricorn,Cotten Joseph,Bergman Ingrid
1946,Notorious,Grant Cary,Bergman Ingrid
1940,June Night,Widgren Olof,Bergman Ingrid
1961,Goodbye Again,Perkins Anthony,Bergman Ingrid
1956,Anastasia,Tamiroff Akim,Bergman Ingrid
1945,Bells of St. Mary's The,Crosby Bing,Bergman Ingrid
1937,Intermezzo,Ekman Gösta,Bergman Ingrid
1938,A Woman's Face,Svennberg Tore,Bergman Ingrid
1935,Swedenhielms,Westergren Håkan,Bergman Ingrid
1939,Only One Night,Adolphson Edvin,Bergman Ingrid
1938,Dollar,Rydeberg Georg,Bergman Ingrid
1956,Elena & Her Men,Ferrer Mel,Bergman Ingrid
1952,Europa Fifty-One,Knox Alexander,Bergman Ingrid
1953,Voyage in Italy,Sanders George,Bergman Ingrid
1954,Fear,Wieman Mathias,Bergman Ingrid
1950,Stromboli,Vitale Mario,Bergman Ingrid
1969,Cactus Flower,Matthau Walter,Bergman Ingrid
1989,Hideaways,Conover Bruce,Bergman Ingrid
1990,Twenty Four Hours in a Woman's Life,Torn Rip,Bergman Ingrid
1987,Programmed to Kill,Ginty Robert,Bergman Sandahl
1982,Conan the Barbarian,Schwarzenegger Arnold,Bergman Sandahl
1991,Raw Nerve,Ford Glenn,Bergman Sandahl
1970,Think Dirty,Feldman Marty,Berman Shelley
1982,King of Comedy,De Niro Robert,Bernhard Sandra
1983,Best of the Big Laff Off The,Murphy Eddie,Bernhard Sandra
1984,Amadeus,Abraham F. Murray,Berridge Elizabeth
1973,White Lightning,Reynolds Burt,Billingsley Jennifer
1988,Unbearable Lightness of Being The,Day-Lewis Daniel,Binoche Juliette
1972,Life & Times of Judge Roy Bean The,Newman Paul,Bisset Jacqueline
1970,Airport,Lancaster Burt,Bisset Jacqueline
1973,Day for Night,Aumont Jean-Pierre,Bisset Jacqueline
1952,Secrets of Women,Malmsten Birger,Björk Anita
1976,Burnt Offerings,Reed Oliver,Black Karen
1969,Easy Rider,Fonda Peter,Black Karen
1991,Five Easy Pieces,Nicholson Jack,Black Karen
1974,Day of the Locust The,Sutherland Donald,Black Karen
1964,Goldfinger,Connery Sean,Blackman Honor
1977,Exorcist II The Heretic,Burton Richard,Blair Linda
1953,White Lightning,Clements Stanley,Blondell Gloria
1942,Lady for a Night,Wayne John,Blondell Joan
1968,Charly,Robertson Cliff,Bloom Claire
1973,High Plains Drifter,Eastwood Clint,Bloom Verna
1982,Honkytonk Man,Eastwood Clint,Bloom Verna
1990,Nightbreed,Cronenberg David,Bobby Anne
1987,Under the Sun of Satan,Depardieu Gérard,Bonnaire Sandrine
1985,Vagabond,Meril Macha,Bonnaire Sandrine
1993,Bill Cosby Live at Harrah's,Cosby Bill,Boosler Elayne
1974,Monty Python & the Holy Grail,Chapman Graham,Booth Connie
1993,John Cleese on How to Irritate People,Cleese John,Booth Connie
1958,Matchmaker The,Perkins Anthony,Booth Shirley
1981,For Your Eyes Only,Moore Roger,Bouquet Carole
1928,Wings,Rogers Buddy,Bow Clara
1992,Medicine Man,Connery Sean,Bracco Lorraine
1989,Good Fellas,De Niro Robert,Bracco Lorraine
1985,Kiss of the Spider Woman,Hurt William,Braga Sonia
1990,Rookie THe,Eastwood Clint,Braga Sonia
1973,Sting The,Newman Paul,Brennan Eileen
1958,Torpedo Run,Ford Glenn,Brewster Diane
1986,Instant Justice,Paré Michael,Bridges Lynda
1990,Cyrano de Bergerac,Depardieu Gérard,Brochet Anne
1948,Border Street,Fijewski Tadeusz,Broniewska Maria
1987,Firehouse,Hopkins Barrett,Brown Violet
1965,Morituri,Brando Marlon,Brynner Yul
1980,From the Life of the Marionettes,Atzorn Robert,Buchegger Christine
1988,Frantic,Ford Harrison,Buckley Betty
1978,Coma,Douglas Michael,Bujold Geneviève
1988,Dead Ringers,Irons Jeremy,Bujold Geneviève
1988,Golden Ninja Invasion,West Leonard,Burd Stephanie
1973,Exorcist The,Sydow Max von,Burstyn Ellen
1975,Alice Doesn't Live Here Anymore,Kristofferson Kris,Burstyn Ellen
1982,Eyes of the Amaryllis The,Bolt Jonathan,Byrne Martha
1952,What Price Glory?,Cagney James,Calvet Corinne
1954,Inauguration of the Pleasure Dome,De Brier Sampson,Cameron Marjorie
1989,School Daze,Fishburne Larry,Campbell Tisha
1990,End of Innocence The,Heard John,Cannon Dyan
1971,Anderson Tapes The,Connery Sean,Cannon Dyan
1983,Father Murphy A Horse from Heaven,Olsen Merlin,Cannon Katharine
1989,Skull,Bideman Robert,Capone Nadia
1987,Quick & The Dead The,Elliott Sam,Capshaw Kate
1984,Best Defense,Moore Dudley,Capshaw Kate
1984,Dreamscape,Quaid Dennis,Capshaw Kate
1989,Black Rain,Douglas Michael,Capshaw Kate
1963,8 1/2,Mastroianni Marcello,Cardinale Claudia
1935,One Frightened Night,Ford Wallace,Carlisle Mary
1988,Year My Voice Broke The,Taylor Noah,Carmen Loene
1966,Is Paris Burning?,Belmondo Jean-Paul,Caron Leslie
1974,QB VII,Hopkins Anthony,Caron Leslie
1977,Island of Dr. Moreau The,Lancaster Burt,Carrera Barbara
1983,Beyond the Limit,Caine Michael,Carrillo Elpidia
1936,Secret Agent,Lorre Peter,Carroll Madeleine
1986,Paramount Comedy Theater: Well-Developed,Mahler Bruce,Carter Judy
1972,Big Bust Out The,Kendall Tony,Carter Karen
1987,Fourth Protocol The,Caine Michael,Cassidy Joanna
1990,Gremlins 2: The New Batch,Galligan Zach,Cates Phoebe
1982,Fast Times at Ridgemont High,Penn Sean,Cates Phoebe
1987,Mannequin,McCarthy Andrew,Cattrall Kim
1977,Rabid,Moore Frank,Chambers Marilyn
1990,Party The,Sellers Peter,Champion Marge
1989,Vampire Raiders Ninja Queen,Peterson Chris,Chan Agnes
1970,Bloopers from Star Trek,Lawford Peter,Channing Carol
1943,Destroyer,Robinson Edward G.,Chapman Marguerite
1992,Party Girl,Taylor Robert,Charisse Cyd
1989,Twin Peaks,MacLachlan Kyle,Chen Joan
1987,Moonstruck,Cage Nicholas,Cher
1987,Witches of Eastwick The,Nicholson Jack,Cher
1979,Moonraker,Moore Roger,Chiles Lois
1984,Beat Street,Davis Guy,Chong Rae Dawn
1986,Running Out of Luck,Jagger Mick,Chong Rae Dawn
1989,Never on Tuesday,Lauer Andrew,Christian Claudia
1975,Shampoo,Beatty Warren,Christie Julie
1985,Power,Hackman Gene,Christie Julie
1965,Darling,Harvey Laurence,Christie Julie
1963,Ugly American The,Brando Marlon,Church Sandra
1931,Ambassador Bill,Rogers Will,Churchill Marguerite
1931,Big Trail The,Wayne John,Churchill Marguerite
1967,Hombre,Newman Paul,Cilento Diane
1968,Coogan's Bluff,Eastwood Clint,Clark Susan
1989,Penn & Teller Get Killed,Penn Jillette,Clarke Caitlin
1987,Shy People,Philbin John,Clayburgh Jill
1980,It's My Turn,Douglas Michael,Clayburgh Jill
1988,Dangerous Liaisons,Malkovich John,Close Glenn
1990,Reversal of Fortune,Irons Jeremy,Close Glenn
1991,Meeting Venus,Arestrup Niels,Close Glenn
1946,Tomorrow Is Forever,Welles Orson,Colbert Claudette
1987,Like Father Like Son,Cameron Kirk,Colin Margaret
1948,Rope,Stewart James,Collier Constance
1962,Road to Hong Kong,Hope Bob,Collins Joan
1989,Shirley Valentine,Conti Tom,Collins Pauline
1992,City of Joy,Swayze Patrick,Collins Pauline
1966,Appaloosa The,Brando Marlon,Comer Anjanette
1986,Seven Minutes in Heaven,Thames Byron,Connelly Jennifer
1991,Hearts of Darkness A Filmmaker's Apocalypse,Bottoms Sam,Coppola Eleanor
1961,Tonight for Sure,Lee Karla,Cornell Laura
1990,White Hunter Black Heart,Eastwood Clint,Cornwell Charlotte
1962,Sundays & Cybele,Kruger Hardy,Courcel Nicole
1989,Puppet Master,LeMat Paul,Crampton Barbara
1991,Night Gallery,McDowall Roddy,Crawford Joan
1989,Pet Sematary,Gwynne Fred,Crosby Denise
1992,America's Music Gospel,Phipps Wentley,Crouch Sandra
1977,Slap Shot,Newman Paul,Crouse Lindsay
1987,O. C. & Stiggs,Jenkins Daniel H.,Curtin Jane
1988,A Fish Called Wanda,Cleese John,Curtis Jamie Lee
1954,A Lesson in Love,Björnstrand Gunnar,Dahlbeck Eva
1957,Brink of Life,Josephson Erland,Dahlbeck Eva
1986,Betty Blue,Anglade Jean-Hughes,Dalle Béatrice
1979,Hair,Savage John,D'Angelo Beverly
1989,National Lampoon's Christmas Vacation,Chase Chevy,D'Angelo Beverly
1974,Dersu Uzala (The Hunter),Solomin Yuri,Danilchenko Svetlana
1990,Alice,Baldwin Alec,Danner Blythe
1980,Fifth Floor The,Hopkins Bo,D'Arbanville Patti
1990,Snow Kill,Knox Terence,D'Arbanville Patti
1971,People The,Shatner William,Darby Kim
1969,True Grit,Wayne John,Darby Kim
1942,Battle of Midway The,Crisp Donald,Darwell Jane
1948,Three Godfathers,Wayne John,Darwell Jane
1965,Hush Hush Sweet Charlotte,Cotten Joseph,Davis Bette
1946,A Stolen Life,Ford Glenn,Davis Bette
1939,Old Maid The,Brent George,Davis Bette
1950,All about Eve,Sanders George,Davis Bette
1986,Fly The,Goldblum Jeff,Davis Geena
1990,Quick Change,Murray Bill,Davis Geena
1988,Lair of the White Worm The,Grant Hugh,Davis Sammi
1989,Rainbow The,Hemmings David,Davis Sammi
1956,Man Who Knew Too Much The,Stewart James,Day Doris
1992,Beauty & the Beast,Marais Jean,Day Josette
1940,Foreign Correspondent,McCrea Joel,Day Laraine
1949,Heiress The,Richardson Ralph,De Havilland Olivia
1986,Boy Who Could Fly The,Underwood Jay,Deakins Lucy
1975,Terrorists The,Connery Sean,Dean Isabel
1942,Wheel of Fortune,Wayne John,Dee Frances
1989,Do the Right Thing,Aiello Danny,Dee Ruby
1990,Court-Martial of Jackie Robinson The,Braugher Andre,Dee Ruby
1967,Elvira Madigan,Berggren Thommy,Degermark Pia
1992,Hurricane Smith,Weathers Carl,Delaney Cassandra
1987,Fair Game,Ford Peter,Delaney Cassandra
1989,Rape of the Sabines The,Moore Roger,Demongeot Mylene
1983,Risky Business,Cruise Tom,DeMornay Rebecca
1980,I Love All of You (Je Vous Aime),Depardieu Gérard,Deneuve Catherine
1986,Love Songs,Lambert Christopher,Deneuve Catherine
1983,Le Choix des Armes,Montand Yves,Deneuve Catherine
1981,Choice of Arms,Montand Yves,Deneuve Catherine
1977,March or Die,Hackman Gene,Deneuve Catherine
1980,Last Metro The,Depardieu Gérard,Deneuve Catherine
1986,Jean de Florette,Montand Yves,Depardieu Elizabeth
1989,Fat Man & Little Boy,Newman Paul,Dern Laura
1990,Wild at Heart,Cage Nicolas,Dern Laura
1989,Family Business,Connery Sean,DeSoto Rosana
1988,Stand & Deliver,Olmos Edward James,DeSoto Rosana
1981,Looker,Finney Albert,Dey Susan
1989,Fire & Rain,Haid Charles,Dickinson Angie
1990,Best of Candid Camera The,Allen Woody,Dickinson Angie
1940,Seven Sinners,Wayne John,Dietrich Marlene
1961,Judgment at Nuremberg,Tracy Spencer,Dietrich Marlene
1989,Minsky's Follies,Taylor Rip,Diller Phyllis
1990,Novice The,Sharif Omar,Dombasle Arielle
1987,Wings of Desire,Ganz Bruno,Dommartin Solveig
1991,Until the End of the World,Hurt William,Dommartin Solveig
1987,Castaway,Reed Oliver,Donohoe Amanda
1993,Alfred Hitchcock Presents Sorcerer's Apprentice,Hitchcock Alfred,Dors Diana
1991,Delicatessen,Benezech Pascal,Dougnac Marie-Laure
1979,Great Train Robbery The,Connery Sean,Down Lesley-Anne
1991,Hanover Street,Ford Harrison,Down Lesley-Anne
1991,Hunchback,Hopkins Anthony,Down Lesley-Anne
1946,My Darling Clementine,Fonda Henry,Downs Cathy
1950,Wagon Master,Johnson Ben,Dru Joanne
1949,She Wore a Yellow Ribbon,Wayne John,Dru Joanne
1985,Fantasy Man,Hopkins Harold,Drynan Jeanie
1986,Monster in the Closet,Grant Donald,DuBarry Denise
1992,Double Edge,Eban Abba,Dunaway Faye
1976,Network,Finch Peter,Dunaway Faye
1974,Chinatown,Nicholson Jack,Dunaway Faye
1975,Three Days of the Condor,Redford Robert,Dunaway Faye
1977,Voyage of the Damned,Sydow Max von,Dunaway Faye
1987,Barfly,Rourke Mickey,Dunaway Faye
1990,Wait Until Spring Bandini,Mantegna Joe,Dunaway Faye
1947,Life with Father,Powell William,Dunne Irene
1943,A Guy Named Joe,Tracy Spencer,Dunne Irene
1974,Stavisky,Belmondo Jean-Paul,Duperey Anny
1981,Time Bandits,Cleese John,Duvall Shelley
1980,Shining The,Nicholson Jack,Duvall Shelley
1945,Flame of Barbary Coast,Wayne John,Dvorak Ann
1993,Naked Truth The,Sellers Peter,Eaton Shirley
1979,Brood The,Reed Oliver,Eggar Samantha
1970,Molly Maguires The,Connery Sean,Eggar Samantha
1984,Beverly Hills Cop,Murphy Eddie,Eilbacher Lisa
1991,Blind Man's Bluff,Urich Robert,Eilbacher Lisa
1961,La Dolce Vita,Mastroianni Marcello,Ekberg Anita
1966,After the Fox,Sellers Peter,Ekland Britt
1974,Man with the Golden Gun The,Moore Roger,Ekland Britt
1985,Marbella,Taylor Rod,Ekland Britt
1967,Bobo The,Sellers Peter,Ekland Britt
1993,Big Bands The,Beneke Tex,Elgart Les
1992,Killer Image.,Ironside Michael,Errickson Krista
1987,Kandyland,Laulette Charles,Evenson Kim
1987,Campus Man,Dye John,Fairchild Morgan
1956,Jubal,Ford Glenn,Farr Felicia
1985,Purple Rose of Cairo The,Aiello Danny,Farrow Mia
1984,Broadway Danny Rose,Allen Woody,Farrow Mia
1992,Husbands & Wives,Allen Woody,Farrow Mia
1986,Hannah & Her Sisters,Caine Michael,Farrow Mia
1979,Hurricane,Robards Jason,Farrow Mia
1986,Between Two Women,Nouri Michael,Fawcett Farrah
1981,Cannonball Run The,Reynolds Burt,Fawcett Farrah
1936,Doughnuts & Society,Nugent Eddie,Fazenda Louise
1978,Holocaust,Bottoms Joseph,Feldshuh Tovah
1990,Meridian,Jamieson Malcolm,Fenn Sherilyn
1992,Diary of a Hitman,Whitaker Forest,Fenn Sherilyn
1988,Gor,Reed Oliver,Ferratti Rebecca
1987,Surrender,Caine Michael,Field Sally
1984,Places in the Heart,Harris Ed,Field Sally
1991,Not Without My Daughter,Molina Alfred,Field Sally
1977,Heroes,Winkler Henry,Field Sally
1981,Absence of Malice,Newman Paul,Field Sally
1979,Norma Rae,Bridges Beau,Field Sally
1989,Steel Magnolias,Skerritt Tom,Field Sally
1989,Burbs The,Hanks Tom,Fisher Carrie
1980,Empire Strikes Back The,Hamill Mark,Fisher Carrie
1977,Star Wars,Hamill Mark,Fisher Carrie
1983,Return of the Jedi,Hamill Mark,Fisher Carrie
1991,Hear My Song,Dunbar Adrian,Fitzgerald Tara
1956,Slightly Scarlet,Payne John,Fleming Rhonda
1957,Gunfight at the OK Corral,Lancaster Burt,Fleming Rhonda
1931,Range Feud The,Wayne John,Fleming Susan
1990,Bloodsucking Pharaohs in Pittsburgh,Dengel Jake,Fletcher Suzanne
1972,Roma,Gonzales Peter,Florence Fiona
1979,China Syndrome The,Douglas Michael,Fonda Jane
1986,Morning After The,Bridges Jeff,Fonda Jane
1971,Klute,Sutherland Donald,Fonda Jane
1979,Electric Horseman The,Redford Robert,Fonda Jane
1965,Cat Ballou,Marvin Lee,Fonda Jane
1991,Coming Home,Voight Jon,Fonda Jane
1940,Rebecca,Olivier Laurence,Fontaine Joan
1944,Jane Eyre,Welles Orson,Fontaine Joan
1973,Stacey!,Randall Anne,Ford Anitra
1992,Naked Obsession,Katt William,Ford Maria
1989,Stripped to Kill II Live Girls,Lottimer Ed,Ford Maria
1990,Rain Killer The,Sharkey Ray,Ford Maria
1983,Valley Girl,Cage Nicolas,Foreman Deborah
1991,Silence of the Lambs The,Hopkins Anthony,Foster Jodie
1988,Stealing Home,Harmon Mark,Foster Jodie
1972,Napoleon & Samantha,Douglas Michael,Foster Jodie
1988,Five Corners,Robbins Tim,Foster Jodie
1955,Blackboard Jungle The,Ford Glenn,Francis Anne
1989,My Left Foot,Day-Lewis Daniel,Fricker Brenda
1987,Back to the Beach,Avalon Frankie,Funicello Annette
1934,Painted Veil The,Marshall Herbert,Garbo Greta
1931,Inspiration,Apfel Oscar,Garbo Greta
1930,Anna Christie,Bickford Charles,Garbo Greta
1926,Flesh & the Devil The,Gilbert John,Garbo Greta
1928,Woman of Affairs,Gilbert John,Garbo Greta
1935,Anna Karenina,March Fredric,Garbo Greta
1936,Camille,Taylor Robert,Garbo Greta
1931,Mata Hari,Novarro Ramon,Garbo Greta
1929,Wild Orchids,Stone Lewis,Garbo Greta
1932,Grand Hotel,Barrymore John,Garbo Greta
1931,Susan Lennox Her Fall & Rise,Hale Alan,Garbo Greta
1939,Ninotchka,Douglas Melvyn,Garbo Greta
1933,Queen Christina,Gilbert John,Garbo Greta
1928,Mysterious Lady The,Nagel Conrad,Garbo Greta
1925,Joyless Street,Stuart Henry,Garbo Greta
1929,Single Standard The,Asther Nils,Garbo Greta
1932,As You Desire Me,Douglas Melvyn,Garbo Greta
1930,Romance,Stone Lewis,Garbo Greta
1962,A Child Is Waiting,Lancaster Burt,Garland Judy
1982,Tootsie,Hoffman Dustin,Garr Teri
1989,Let It Ride,Dreyfuss Richard,Garr Teri
1953,Julius Caesar,Brando Marlon,Garson Greer
1979,Nineteen Forty-One,Belushi John,Gary Lorraine
1975,Jaws,Scheider Roy,Gary Lorraine
1987,Hot Pursuit,Cusack John,Gazelle Wendy
1989,Triumph of the Spirit,Dafoe Willem,Gazelle Wendy
1975,Brannigan,Wayne John,Geeson Judy
1979,Buffet Froid,Depardieu Gérard,Gence Denise
1986,Salvador,Woods James,Gibb Cynthia
1959,Horse Soldiers The,Wayne John,Gibson Althea
1954,Long John Silver,Newton Robert,Gilchrist Connie
1961,Hustler The,Newman Paul,Gleason Jackie
1983,Star Chamber The,Douglas Michael,Gless Sharon
1988,Clara's Heart,Ontkean Michael,Goldberg Whoopi
1987,Burglar,Goldthwait Bob,Goldberg Whoopi
1986,Comic Relief,Crystal Billy,Goldberg Whoopi
1978,Bloodbrothers,Sorvino Paul,Goldoni Lelia
1988,Rain Man,Hoffman Dustin,Golino Valeria
1966,Masculine Feminine,Leaud Jean-Pierre,Goya Chantal
1964,Outer Limits The,Perrin Vic,Grahame Gloria
1988,Mama's Dirty Girls,Currie Sondra,Grahame Gloria
1979,Last Ride of the Dalton Gang The,Palance Jack,Greenbush Lindsay
1991,Why Me?,Lambert Christopher,Greist Kim
1932,Number Seventeen,Lion Leon M.,Grey Anne
1986,Manhunter,Petersen William L.,Griest Kim
1990,Bonfire of the Vanities The,Hanks Tom,Griffith Melanie
1988,Working Girl,Ford Harrison,Griffith Melanie
1992,Shining Through,Douglas Michael,Griffith Melanie
1991,Slumber Party Massacre III,Christian Keely,Grye Brittain
1988,Tokyo Pop,Tadokoro Yutaka,Hamilton Carrie
1991,Terminator 2,Schwarzenegger Arnold,Hamilton Linda
1984,Terminator The,Schwarzenegger Arnold,Hamilton Linda
1986,King Kong Lives!,Kerwin Brian,Hamilton Linda
1969,Those Daring Young Men in Their Jaunty,Curtis Tony,Hampshire Susan
1991,At Play in the Fields of the Lord,Berenger Tom,Hannah Daryl
1990,Crazy People,Moore Dudley,Hannah Daryl
1992,Memoirs of an Invisible Man,Chase Chevy,Hannah Daryl
1985,Clan of the Cave Bear The,Remar James,Hannah Daryl
1983,Final Terror The,Zmed Adrian,Hannah Daryl
1984,Reckless,Quinn Aidan,Hannah Daryl
1989,High Spirits,O'Toole Peter,Hannah Daryl
1987,Roxanne,Martin Steve,Hannah Daryl
1982,Blade Runner,Ford Harrison,Hannah Daryl
1987,Wall Street,Douglas Michael,Hannah Daryl
1992,Pope of Greenwich Village,Rourke Mickey,Hannah Daryl
1989,After School,Bottoms Sam,Hannah Page
1938,Flaming Frontiers,Brown Johnny Mack,Hansen Eleanor
1936,Libeled Lady,Powell William,Harlow Jean
1976,Inserts,Dreyfuss Richard,Harper Jessica
1988,Blue Iguana The,McDermott Dylan,Harper Jessica
1983,Tender Mercies,Duvall Robert,Harper Tess
1987,Nights in White Satin,Gilman Kenneth,Harris Priscilla
1989,Videodrome,Woods James,Harry Deborah
1991,Intimate Stranger,Russo James,Harry Deborah
1986,Highlander,Lambert Christopher,Hart Roxanne
1987,Bodycount,White Bernie,Hassett Marilyn
1989,Tango & Cash,Stallone Sylvester,Hatcher Teri
1970,There's a Girl in My Soup,Sellers Peter,Hawn Goldie
1984,Swing Shift,Russell Kurt,Hawn Goldie
1978,Foul Play,Chase Chevy,Hawn Goldie
1982,Best Friends,Reynolds Burt,Hawn Goldie
1972,Butterflies Are Free,Albert Edward,Hawn Goldie
1987,Overboard,Russell Kurt,Hawn Goldie
1974,Girl from Petrovka The,Holbrook Hal,Hawn Goldie
1992,Housesitter,Martin Steve,Hawn Goldie
1986,Wildcats,Keach James,Hawn Goldie
1984,Protocol,Sarandon Chris,Hawn Goldie
1980,Seems Like Old Times,Chase Chevy,Hawn Goldie
1974,Sugarland Express The,Johnson Ben,Hawn Goldie
1980,Private Benjamin,Assante Armand,Hawn Goldie
1991,Deceived,Heard John,Hawn Goldie
1931,Arrowsmith,Colman Ronald,Hayes Helen
1972,Say Goodbye Maggie Cole,McGavin Darren,Hayward Susan
1964,Circus World,Wayne John,Hayworth Rita
1952,Affair in Trinidad,Ford Glenn,Hayworth Rita
1948,Lady from Shanghai,Welles Orson,Hayworth Rita
1940,Lady in Question,Aherne Brian,Hayworth Rita
1946,Gilda,Ford Glenn,Hayworth Rita
1948,Loves of Carmen The,Ford Glenn,Hayworth Rita
1990,Dick Tracy,Beatty Warren,Headley Glenne
1964,Marnie,Connery Sean,Hedren Tippi
1987,Hot Child in the City,Prysirr Geof,Hendrix Leah Ayres
1984,Johnny Dangerously,Piscopo Joe,Henner Marilu
1985,Stark,Surovy Nicolas,Henner Marilu
1949,Three Strange Loves,Malmsten Birger,Henning Eva
1964,My Fair Lady,Harrison Rex,Hepburn Audrey
1960,Unforgiven The,Lancaster Burt,Hepburn Audrey
1976,Robin & Marian,Connery Sean,Hepburn Audrey
1961,Children's Hour The,Garner James,Hepburn Audrey
1956,Rainmaker The,Lancaster Burt,Hepburn Katharine
1952,Pat & Mike,Tracy Spencer,Hepburn Katharine
1968,Lion in Winter THe,O'Toole Peter,Hepburn Katharine
1991,Sea of Grass The,Tracy Spencer,Hepburn Katharine
1967,Guess Who's Coming to Dinner,Tracy Spencer,Hepburn Katharine
1957,Desk Set,Tracy Spencer,Hepburn Katharine
1975,Rooster Cogburn,Wayne John,Hepburn Katharine
1981,On Golden Pond,Fonda Henry,Hepburn Katharine
1991,Adam's Rib,Tracy Spencer,Hepburn Katharine
1991,Boom Town,Tracy Spencer,Hepburn Katharine
1991,Dragon Seed,Tracy Spencer,Hepburn Katharine
1991,Little Women,Tracy Spencer,Hepburn Katharine
1991,Philadelphia Story The,Tracy Spencer,Hepburn Katharine
1991,Without Love,Tracy Spencer,Hepburn Katharine
1991,Woman of the Year,Tracy Spencer,Hepburn Katharine
1992,Juice,Shakur Tupac,Herron Cindy
1986,Hoosiers,Hackman Gene,Hershey Barbara
1987,Tin Men,Dreyfuss Richard,Hershey Barbara
1988,Last Temptation of Christ The,Dafoe Willem,Hershey Barbara
1991,Paris Trout,Hopper Dennis,Hershey Barbara
1988,Souvenir,Plummer Christopher,Hicks Catherine
1966,A Man for All Seasons,Shaw Robert,Hiller Wendy
1986,Knights & Emeralds,Leadbitter Bill,Hills Beverly
1989,Masque of the Red Death,MacNee Patrick,Hoak Clare
1943,Adventures of Smilin' Jack The,Brown Tom,Hobart Rose
1992,Adventures in Dinosaur City,Katz Omri,Hoffman Shawn
1987,Allnighter The,Terlesky John,Hoffs Susanna
1980,Caddyshack,Chase Chevy,Holcomb Sarah
1973,Tom Sawyer,Whitaker Johnny,Holm Celeste
1987,Rita Sue & Bob Too,Finneran Siohban,Holmes Michelle
1947,Hawk of Powder River,Dean Eddie,Holt Jennifer
1928,Tempest,Barrymore John,Horn Camilla
1986,Running Mates,Webb Greg,Howard Barbara
1987,Prettykill,Birney David,Hubley Season
1934,Judge Priest,Rogers Will,Hudson Rochelle
1950,Harvey,Stewart James,Hull Josephine
1991,If Looks Could Kill,Grieco Richard,Hunt Linda
1987,Raising Arizona,Cage Nicolas,Hunter Holly
1989,Once Around,Dreyfuss Richard,Hunter Holly
1980,Loulou,Depardieu Gérard,Huppert Isabelle
1982,World According to Garp The,Williams Robin,Hurt Mary Beth
1980,Virus,Kennedy George,Hussey Olivia
1940,Northwest Passage,Tracy Spencer,Hussey Ruth
1987,Gardens of Stone,Caan James,Huston Anjelica
1989,Enemies a Love Story,Silver Ron,Huston Anjelica
1992,Addams Family The,Julia Raul,Huston Anjelica
1932,Freaks,Ford Wallace,Hyams Leila
1991,Necessary Roughness,Bakula Scott,Ireland Kathy
1990,A Show of Force,Garcia Andy,Irving Amy
1980,Competition The,Dreyfuss Richard,Irving Amy
1988,Crossing Delancey,Riegert Peter,Irving Amy
1982,State of Things The,Kime Jeffrey,Isabelle Weingarten.
1987,Business As Usual,Thaw John,Jackson Glenda
1973,A Touch of Class,Segal George,Jackson Glenda
1970,Women in Love.,Bates Alan,Jackson Glenda
1988,Salome's Last Dance,Johns Stratford,Jackson Glenda
1986,Casino,Connors Mike,Jackson Sherry
1955,Smiles of a Summer Night,Björnstrand Gunnar,Jacobsson Ulla
1989,New Year's Day,Jaglom Henry,Jakobsen Maggie
1981,Mephisto,Brandauer Klaus Maria,Janda Krystyna
1927,Easy Virtue,Dyall Franklin,Jeans Isabel
1937,Swing It Sailor!,Ford Wallace,Jewell Isabel
1991,Strictly Business,Davidson Tommy,Johnson Anne-Marie
1983,Blame It on Rio,Caine Michael,Johnson Michelle
1987,Straight to Hell,Hopper Dennis,Jones Grace
1990,A View to a Kill,Moore Roger,Jones Grace
1986,American Anthem,Gaylord Mitch,Jones Janet
1963,Bedtime Story,Brando Marlon,Jones Shirley
1991,Courtship of Eddie's Father The,Howard Ron,Jones Shirley
1988,Night Train to Katmandu THe,Roberts Pernell,Jovovich Milla
1948,Port of Call,Eklund Bengt,Jönsson Nine-Christine
1973,Paper Moon,O'Neal Ryan,Kahn Madeline
1983,Yellowbeard,Chapman Graham,Kahn Madeline
1975,Adventures of Sherlock Holmes' Smarter,Wilder Gene,Kahn Madeline
1990,Flashback,Hopper Dennis,Kane Carol
1977,World's Greatest Lover The,Wilder Gene,Kane Carol
1955,Killer's Kiss,Silvera Frank,Kane Irene
1988,Deceivers The,Brosnan Pierce,Kapoor Shashi
1983,Breathless,Gere Richard,Kaprisky Valerie
1989,Born on the Fourth of July,Cruise Tom,Kava Caroline
1991,Awakenings,De Niro Robert,Kavner Julie
1977,Annie Hall,Allen Woody,Keaton Diane
1979,Manhattan,Allen Woody,Keaton Diane
1981,Reds,Beatty Warren,Keaton Diane
1986,Crimes of the Heart,Shepard Sam,Keaton Diane
1977,Looking for Mr. Goodbar,Atherton William,Keaton Diane
1972,Godfather The,Brando Marlon,Keaton Diane
1974,Godfather Pt 2. The,Pacino Al,Keaton Diane
1976,I Will I Will...For Now,Gould Elliott,Keaton Diane
1972,Play It Again Sam,Allen Woody,Keaton Diane
1975,Love & Death,Allen Woody,Keaton Diane
1973,Sleeper,Allen Woody,Keaton Diane
1970,Fellini Satyricon,Potter Martin,Keller Hiram
1980,Formula The,Scott George C.,Keller Marthe
1977,Black Sunday,Shaw Robert,Keller Marthe
1977,Bobby Deerfield,Pacino Al,Keller Marthe
1972,Last of the Red Hot Lovers,Arkin Alan,Kellerman Sally
1953,Mogambo,Gable Clark,Kelly Grace
1955,To Catch a Thief,Grant Cary,Kelly Grace
1954,Rear Window,Stewart James,Kelly Grace
1945,Woman Who Came Back,Kruger Otto,Kelly Nancy
1939,Stanley & Livingstone,Tracy Spencer,Kelly Nancy
1956,Bad Seed The,Jones Henry,Kelly Nancy
1989,Lethal Weapon 2,Gibson Mel,Kensit Patsy
1992,Blame It on the Bellboy,Moore Dudley,Kensit Patsy
1927,Drop Kick The,Barthelmess Richard,Kent Barbara
1978,Superman The Movie,Brando Marlon,Kidder Margot
1987,Superman IV: The Quest for Peace,Reeve Christopher,Kidder Margot
1970,Quackser Fortune Has a Cousin in the Bronx,Wilder Gene,Kidder Margot
1989,Dead Calm,Neill Sam,Kidman Nicole
1990,Days of Thunder,Cruise Tom,Kidman Nicole
1987,My Life As a Dog,Glanzelius Anton,Kinnaman Melinda
1983,Moon in the Gutter The,Depardieu Gérard,Kinski Nastassia
1984,Paris Texas,Stanton Harry Dean,Kinski Nastassia
1984,Unfaithfully Yours,Moore Dudley,Kinski Nastassia
1987,Bullseye!,Caine Michael,Kirkland Sally
1989,Erik the Viking,Robbins Tim,Kitt Eartha
1987,Dragonard,Reed Oliver,Kitt Eartha
1986,Hard Choices,McCleery Gary,Klenck Margaret
1969,Rain People The,Caan James,Knight Shirley
1984,A Year of the Quiet Sun,Wilson Scott,Komorowska Maja
1935,Desert Trail The,Wayne John,Kornman Mary
1990,Almost an Angel,Hogan Paul,Kozlowski Linda
1986,Crocodile Dundee,Hogan Paul,Kozlowski Linda
1977,American Friend The,Hopper Dennis,Kreuzer Lisa
1989,See You in the Morning,Bridges Jeff,Krige Alice
1987,Arrogant The,Graham Gary,Kristel Sylvia
1989,Dracula's Widow,Sommer Josef,Kristel Sylvia
1987,Ninja Masters of Death,Peterson Chris,Kruize Kelly
1990,Mystery Train,Nagase Masatoshi,Kudoh Youki
1978,Go Tell the Spartans,Lancaster Burt,Kumagai Denice
1986,True Stories,Goodman John,Kurtz Swoosie
1953,Ugetsu Monogatari,Mori Masayuki,Kyô Machiki
1969,Rebel Rousers,Nicholson Jack,Ladd Diane
1988,Plain Clothes,Howard Arliss,Ladd Diane
1981,Whose Life Is It Anyway?,Dreyfuss Richard,Lahti Christine
1988,Running on Empty,Hirsch Judd,Lahti Christine
1990,Funny about Love,Wilder Gene,Lahti Christine
1985,A Chorus Line The Movie,Douglas Michael,Landers Audrey
1986,Stewardess School,Most Donald,Landers Judy
1987,Big Town The,Dillon Matt,Lane Diane
1983,Rumble Fish,Dillon Matt,Lane Diane
1983,Outsiders The,Howell C. Thomas,Lane Diane
1990,Priceless Beauty,Lambert Christopher,Lane Diane
1989,Streets of Fire,Paré Michael,Lane Diane
1990,Men Don't Leave,Howard Arliss,Lange Jessica
1988,Everybody's All American,Quaid Dennis,Lange Jessica
1992,Cape Fear,De Niro Robert,Lange Jessica
1992,Postman Always Rings Twice The,Nicholson Jack,Lange Jessica
1949,Crashing Thru,Wilson Whip,Larson Christine
1978,Get Out Your Handkerchiefs,Depardieu Gérard,Laure Carole
1971,Boy Friend THe,Gable Christopher,Lawson Twiggy
1990,Hard To Kill,Seagal Steven,LeBrock Kelly
1960,Psycho,Perkins Anthony,Leigh Janet
1957,Jet Pilot,Wayne John,Leigh Janet
1987,Under Cover,Neidorf David,Leigh Jennifer Jason
1951,A Streetcar Named Desire,Brando Marlon,Leigh Vivien
1986,Golden Child The,Murphy Eddie,Lewis Charlotte
1971,Statue The,Niven David,Lisi Virna
1985,Christopher Columbus,Byrne Gabriel,Lisi Virna
1989,In Country,Willis Bruce,Lloyd Emily
1978,Wild Geese The,Burton Richard,Lloyd Rosalind
1974,Second Coming of Suzanne. The,Dreyfuss Richard,Locke Sondra
1980,Bronco Billy,Eastwood Clint,Locke Sondra
1977,Gauntlet The,Eastwood Clint,Locke Sondra
1986,Ratboy,Townsend Robert,Locke Sondra
1938,Lady Vanishes,Redgrave Michael,Lockwood Margaret
1987,Kitchen Toto THe,Peck Bob,Logan Phyllis
1959,Carlton-Browne of the F.O.,Terry-Thomas,Lohr Marie
1929,Racketeer,Armstrong Robert,Lombard Carole
1941,Mr. & Mrs. Smith,Montgomery Robert,Lombard Carole
1986,Alrededor de Medianoche,Francois Cluzet,Lonette McKee
1982,Losin' It,Cruise Tom,Long Shelley
1987,Into the Homeland,Boothe Powers,Longstreth Emily
1991,Boxing Babes,Nichol Robin,Lords Traci
1991,Shock 'em Dead,Donahue Troy,Lords Traci
1960,Heller in Pink Tights,Quinn Anthony,Loren Sophia
1961,Two Women,Belmondo Jean-Paul,Loren Sophia
1954,Gold of Naples The,De Sica Vittorio,Loren Sophia
1963,Yesterday Today & Tomorrow,Mastroianni Marcello,Loren Sophia
1957,Legend of the Lost,Wayne John,Loren Sophia
1978,Brass Target,Cassavetes John,Loren Sophia
1964,Fall of the Roman Empire The,Boyd Stphen,Loren Sophia
1961,El Cid,Heston Charlton,Loren Sophia
1958,Desire under the Elms,Perkins Anthony,Loren Sophia
1953,Two Nights with Cleo,Sordi Alberto,Loren Sophia
1959,Black Orchid The,Quinn Anthony,Loren Sophia
1977,Angela,Railsback Steve,Loren Sophia
1977,A Special Day,Mastroianni Marcello,Loren Sophia
1979,Blood Feud,Mastroianni Marcello,Loren Sophia
1991,Sophia Loren Her Own Story,Gavin John,Loren Sophia
1990,Running Away,Loggia Robert,Loren Sophia
1991,Man of La Mancha,O'Toole Peter,Loren Sophia
1992,Operation Crossbow,Peppard George,Loren Sophia
1986,Courage,Williams Billy Dee,Loren Sophia
1986,RAD,Allen Bill,Loughlin Lori
1992,Secret Admirer,Howell C. Thomas,Loughlin Lori
1979,Cocaine Cowboys,Palance Jack,Love Suzanna
1991,Test Pilot,Gable Clark,Loy Myrna
1943,Ape Man The,Ford Wallace,Lugosi Bela
1986,Mission The,De Niro Robert,Lunghi Cherie
1991,Curly Sue,Belushi Jim,Lynch Kelly
1962,Lolita,Mason James,Lyon Sue
1989,Sex Lies and Videotape,Spader James,MacDowell Andie
1990,Green Card,Depardieu Gérard,MacDowell Andie
1988,Gator Bait II,Muzzcat Paul,MacKenzie Jan
1979,Being There,Sellers Peter,MacLaine Shirley
1983,Terms of Endearment,Nicholson Jack,MacLaine Shirley
1967,Woman Times Seven,Sellers Peter,MacLaine Shirley
1968,Bliss of Mrs. Blossom The,Booth James,MacLaine Shirley
1990,Postcards from the Edge,Quaid Dennis,MacLaine Shirley
1970,Two Mules for Sister Sara,Eastwood Clint,MacLaine Shirley
1992,Dragonfight,Z'Dar Robert,MacLaren Fawna
1939,Back Door to Heaven,Ford Wallace,MacMahon Aline
1988,Ciao Italia Madonna Live from Italy,,Madonna
1991,Madonna Truth or Dare,,Madonna
1992,A Certain Sacrifice,Pattnosh Jeremy,Madonna
1991,National Enquirer The Untold Story,White Vanna,Madonna
1990,Immaculate Collection The,,Madonna
1987,Madonna Live The Virgin Tour,,Madonna
1990,Madonna Justify My Love,,Madonna
1991,Madonna Like a Virgin,,Madonna
1988,Hot to Trot,Goldthwait Bob,Madsen Virginia
1986,Fire with Fire,Sheffer Craig,Madsen Virginia
1990,Hot Spot,Johnson Don,Madsen Virginia
1974,Amarcord,Noel Magali,Maggio Pupella
1988,Casablanca Express,Connery Jason,Maneri Luisa
1980,Out of the Blue,Hopper Dennis,Manz Linda
1949,Sands of Iwo Jima,Wayne John,Mara Adele
1981,Hand The,Caine Michael,Marcovicci Andrea
1989,Deep Cover,Conti Tom,Markham Kika
1955,Il Bidone,Crawford Broderick,Masina Guilietta
1986,El Guerrero Solitario,Eastwood Clint,Mason Marsha
1986,Heartbreak Ridge,Eastwood Clint,Mason Marsha
1977,Goodbye Girl The,Dreyfuss Richard,Mason Marsha
1991,Audrey Rose,Hopkins Anthony,Mason Marsha
1981,Polyester,Divine,Massey Edith
1991,Robin Hood: Prince of Thieves,Costner Kevin,Mastrantonio Mary Elizabeth
1992,White Sands,Dafoe Willem,Mastrantonio Mary Elizabeth
1986,Color of Money The,Newman Paul,Mastrantonio Mary Elizabeth
1986,Children of a Lesser God,Hurt William,Matlin Marlee
1986,Matador,Banderas Antonio,Maura Carmen
1989,Women on the Verge of a Nervous Breakdown,Banderas Antonio,Maura Carmen
1980,Pepi Luci Bom,Rotaeta Félix,Maura Carmen
1989,Forgotten The,Carradine Keith,Maynard Mimi
1992,Flame & the Arrow The,Lancaster Burt,Mayo Virginia
1990,After the Shock,Kotto Yaphet,McClanahan Rue
1990,Modern Love,Benson Robby,McClanahan Rue
1992,Riff Raff,Carlyle Robert,McCourt Emer
1967,Glory Stompers The,Hopper Dennis,McCrea Jody
1990,Dances with Wolves,Costner Kevin,McDonnell Mary
1987,Matewan,Jones James Earl,McDonnell Mary
1988,Mississippi Burning,Hackman Gene,McDormand Frances
1975,Eiger Sanction The,Eastwood Clint,McGee Vonetta
1988,Unsettled Land,Shea John,McGillis Kelly
1991,Cat Chaser,Weller Peter,McGillis Kelly
1988,Accused The,Coulson Bernie,McGillis Kelly
1989,Winter People,Russell Kurt,McGillis Kelly
1983,Reuben Reuben,Conti Tom,McGillis Kelly
1987,Made in Heaven,Hutton Timothy,McGillis Kelly
1986,Top Gun,Cruise Tom,McGillis Kelly
1985,Witness,Ford Harrison,McGillis Kelly
1988,House on Carroll Street The,Daniels Jeff,McGillis Kelly
1984,Racing with the Moon,Penn Sean,McGovern Elizabeth
1983,Lovesick,Moore Dudley,McGovern Elizabeth
1988,She's Having a Baby,Hughes Kevin Bacon,McGovern Elizabeth
1965,Greatest Story Ever Told The,Sydow Max von,McGuire Dorothy
1989,Hawks,Dalton Timothy,McTeer Janet
1981,So Fine,O'Neal Ryan,Melato Mariangela
1957,Paths of Glory,Douglas Kirk,Menjou Adolphe
1964,Tom Jones,Ustinov Peter,Mercouri Melina
1975,Sunshine Boys The,Burns George,Meredith Lee
1988,Caddyshack 2,Mason Jackie,Merrill Dina
1990,Internal Affairs,Gere Richard,Metcalf Laurie
1991,JFK,Costner Kevin,Metcalf Laurie
1991,New Jack City,Snipes Wesley,Michael Michele
1991,Scenes from a Mall,Allen Woody,Midler Bette
1987,Hope & Glory,Hayman David,Miles Sarah
1970,Ryan's Daughter,Mitchum Robert,Miles Sarah
1973,Man Who Loved Cat Dancing The,Reynolds Burt,Miles Sarah
1962,Man Who Shot Liberty Valance The,Stewart James,Miles Vera
1989,Dead-Bang,Johnson Don,Miller Penelope Ann
1988,Big Top Pee-wee,Reubens Paul,Miller Penelope Ann
1960,Time Machine The,Taylor Rod,Mimieux Yvette
1972,Cabaret,Grey Joel,Minnelli Liza
1981,Arthur,Moore Dudley,Minnelli Liza
1976,A Matter of Time,Boyer Charles,Minnelli Liza
1977,New York New York,De Niro Robert,Minnelli Liza
1989,Nightmare on Elm Street Pt. 5 The Dream Child,Englund Robert,Minter Kelly Jo
1980,Fiendish Plot of Dr. Fu Manchu The,Sellers Peter,Mirren Helen
1991,Four American Composers,Cage John,Monk Meredith
1950,Asphalt Jungle The,Hayden Sterling,Monroe Marilyn
1992,Ladies of the Chorus,Garr Eddie,Monroe Marilyn
1953,How to Marry a Millionaire,Powell William,Monroe Marilyn
1983,Hollywood Out-Takes & Rare Footage,Bogart Humphrey,Monroe Marilyn
1991,Nothing But Trouble,Candy John,Moore Demi
1987,Wisdom,Estevez Emilio,Moore Demi
1986,One Crazy Summer,Cusack John,Moore Demi
1989,We're No Angels,De Niro Robert,Moore Demi
1984,No Small Affair,Cryer Jon,Moore Demi
1990,Ghost,Swayze Patrick,Moore Demi
1986,About Last Night,Lowe Rob,Moore Demi
1982,Six Weeks,Moore Dudley,Moore Mary Tyler
1948,Return of October,Ford Glenn,Moore Terry
1952,Come Back Little Sheba,Lancaster Burt,Moore Terry
1974,Going Places,Depardieu Gérard,Moreau Jeanne
1970,Monte Walsh,Marvin Lee,Moreau Jeanne
1955,Mr. Arkadin,Welles Orson,Mori Paola
1988,White of the Eye,Keith David,Moriarty Cathy
1968,Producers The,Wilder Gene,Mostel Zero
1976,Front The,Allen Woody,Mostel Zero
1987,House of the Rising Sun,Annese Frank,Moyer Tawny
1988,In a Shallow Grave,Biehn Michael,Mueller Maureen
1974,Mc Q,Wayne John,Muldaur Diana
1941,Lady from Louisiana,Wayne John,Munson Ona
1990,Wait Until Spring Bandini,Mantegna Joe,Muti Ornella
1940,Long Voyage Home The,Wayne John,Natwick Mildred
1955,Trouble with Harry The,Forsythe John,Natwick Mildred
1987,Encounters,Von Bergan Raven,Navarro Monica
1963,Hud,Newman Paul,Neal Patricia
1951,Operation Pacific,Wayne John,Neal Patricia
1987,Surf Nazis Must Die,Brenner Barry,Neely Gail
1956,Teahouse of the August Moon,Brando Marlon,Negami Jun
1992,Back in the U.S.S.R.,Whaley Frank,Negoda Natalya
1970,Man Who Haunted Himself The,Moore Roger,Neil Hildegard
1991,Prisoner of Honor.,Dreyfuss Richard,Neilson Catherine
1988,Control,Lancaster Burt,Nelligan Kate
1923,Desert Rider,Hoxie Jack,Nelson Evelyn
1980,Wholly Moses!,Moore Dudley,Newman Laraine
1991,Star Trek VI: The Undiscovered Country,Shatner William,Nichols Nichelle
1989,Star Trek V: The Final Frontier,Shatner William,Nichols Nichelle
1991,Circuitry Man,Metzler Jim,Nicholson Dana W.
1986,Cobra,Stallone Sylvester,Nielsen Brigitte
1987,Beverly Hills Cop II,Murphy Eddie,Nielsen Brigitte
1990,Red Sonja,Schwarzenegger Arnold,Nielsen Brigitte
1950,To Joy,Olin Stig,Nilsson Maj-Britt
1992,Macbeth,Welles Orson,Nolan Jeanette
1958,Vertigo,Stewart James,Novak Kim
1987,Young Love: Lemon Popsicle Seven,Katzur Yftach,Noy Zachi
1946,Crack-Up,Marshall Herbert,O'Brien Pat
1941,Bury Me Not on the Lone Prairie,Brown Johnny Mack,O'Day Nell
1940,Law & Order,Brown Johnny Mack,O'Day Nell
1941,Man from Montana,Brown Johnny Mack,O'Day Nell
1992,Long Gray Line The,Power Tyrone,O'Hara Maureen
1950,Rio Grande,Wayne John,O'Hara Maureen
1957,Wings of Eagles The,Wayne John,O'Hara Maureen
1939,Jamaica Inn,Laughton Charles,O'Hara Maureen
1971,Big Jake,Wayne John,O'Hara Maureen
1992,Quiet Man The,Wayne John,O'Hara Maureen
1983,After the Rehearsal,Josephson Erland,Olin Lena
1952,Big Jim McLain,Wayne John,Olson Nancy
1969,Smith!,Ford Glenn,Olson Nancy
1953,Wild One The,Brando Marlon,O'Malley Pat
1929,Manxman The,Brisson Carl,Ondra Anny
1978,International Velvet,Hopkins Anthony,O'Neal Tatum
1981,Scanners,Lack Stephen,O'Neill Jennifer
1986,Trick or Treat,Price Marc,Orgolini Lisa
1982,48 Hrs.,Nolte Nick,O'Toole Annette
1985,Trip to Bountiful The,Heard John,Page Geraldine
1955,Mister Roberts,Fonda Henry,Palmer Betsy
1987,Maurice,Wilby James,Parfitt Judy
1969,Hamlet,Williamson Nicol,Parfitt Judy
1991,La Femme Nikita,Karyo Tcheky,Parillaud Anne
1993,Honeymoon in Vegas,Caan James,Parker Sarah Jessica
1988,Going for the Gold,Edwards Anthony,Parker Sarah Jessica
1976,Shout at the Devil,Marvin Lee,Parkins Barbara
1986,A Smoky Mountain Christmas,Majors Lee,Parton Dolly
1984,Getting Physical,Naughton David,Paul Alexandra
1990,Torn Apart,Pasdar Adrian,Peck Cecilia
1986,From the Hip,Nelson Judd,Perkins Elizabeth
1984,Ratings Game The,DeVito Danny,Perlman Rhea
1992,Class Act,Reid Christopher,Perlman Rhea
1986,Water,Caine Michael,Perrine Valerie
1978,Silent Movie,Brooks Mel,Peters Bernadette
1989,Pink Cadillac,Eastwood Clint,Peters Bernadette
1979,Jerk The,Martin Steve,Peters Bernadette
1980,Wild Times,Elliott Sam,Peyser Penny
1986,Sweet Liberty,Alda Alan,Pfeiffer Michelle
1982,Grease II,Caulfield Maxwell,Pfeiffer Michelle
1989,Married to the Mob,Modine Matthew,Pfeiffer Michelle
1985,Ladyhawke,Broderick Matthew,Pfeiffer Michelle
1989,Fabulous Baker Boys The,Bridges Jeff,Pfeiffer Michelle
1985,Into the Night,Goldblum Jeff,Pfeiffer Michelle
1991,Russia House The,Connery Sean,Pfeiffer Michelle
1988,Tequila Sunrise,Gibson Mel,Pfeiffer Michelle
1989,B. A. D. Cats,Morrow Vic,Pfeiffer Michelle
1971,Last Movie The,Hopper Dennis,Phillips Michelle
1973,Dillinger,Oates Warren,Phillips Michelle
1988,Little Dorrit,Jacobi Derek,Pickering Sarah
1927,My Best Girl,Rogers Charles,Pickford Mary
1989,Seizure,Frid Jonathan,Pickles Christina
1990,A Chorus of Disapproval,Irons Jeremy,Pigg Alexandra
1962,Rome Adventure,Donahue Tony,Pleshette Suzanne
1992,Drowning by Numbers,Hill Bernard,Plowright Joan
1991,Born to Ride,Stamos John,Polo Teri
1988,Her Alibi,Selleck Tom,Porizkova Paulina
1988,Glitz,Smits Jimmy,Post Markie
1990,Dangerous Pursuit,Harrison Gregory,Powers Alexandra
1962,Experiment in Terror,Ford Glenn,Powers Stefanie
1972,Hideaways The,Doran Johnny,Prager Sally
1965,What's New Pussycat,O'Toole Peter,Prentiss Paula
1965,What's New Pussycat?,Sellers Peter,Prentiss Paula
1983,Packin' It In,Benjamin Richard,Prentiss Paula
1988,Naked Gun: From the Files of Police Squad! THe,Nielsen Leslie,Presley Priscilla
1990,In Too Deep,Race Hugo,Press Santha
1988,Twins,Schwarzenegger Arnold,Preston Kelly
1988,Experts The,Travolta John,Preston Kelly
1989,Naked Lie,Lucking William,Principal Victoria
1987,Mistress,Rachins Allan,Principal Victoria
1992,Pleasure Palace,Sharif Omar,Principal Victoria
1970,Adam at 6 A.M.,Douglas Michael,Purcell Lee
1990,Web of Deceit,Read James,Purl Linda
1991,New York Stories,Allen Woody,Questel Mae
1987,Dreams Lost Dreams Found,Robb David,Quinlan Kathleen
1987,Au Revoir les Enfants,Manesse Gaspard,Racette Francine
1989,Quo Vadis,Brandauer Klaus Maria,Raines Cristina
1949,Fighting Kentuckian The,Wayne John,Ralston Vera
1974,Zardoz,Connery Sean,Rampling Charlotte
1989,Police Academy 6: City under Siege,Smith Bubba,Ramsey Marion
1988,Police Academy 5: Assignment Miami Beach,Gaynes George,Ramsey Marion
1986,Police Academy 3: Back in Training,Guttenberg Steve,Ramsey Marion
1991,America's Music Blues,Hopkins Linda,Redd Vi
1977,Julia,Fonda Vanessa,Redgrave Jane
1971,Devils The,Reed Oliver,Redgrave Vanessa
1984,Ransom,Ford Glenn,Reed Donna
1990,Cadillac Man,Williams Robin,Reed Pamela
1986,Best of Times The,Williams Robin,Reed Pamela
1985,Death of a Salesman,Hoffman Dustin,Reid Kate
1993,It Started with a Kiss,Ford Glenn,Reynolds Debbie
1989,Money The,Luckinbill Laurence,Richards Elizabeth
1987,Empire of the Sun,Malkovich John,Richardson Miranda
1991,Comfort of Strangers The,Walken Christopher,Richardson Natasha
1969,On Her Majesty's Secret Service,Lazenby George,Rigg Diana
1986,Pretty in Pink,Stanton Harry Dean,Ringwald Molly
1987,PK. & the Kid.,LeMat Paul,Ringwald Molly
1943,Lone Star Trail The,Brown Johnny Mack,Ritter Tex
1986,Summer,Gauthier Vincent,Riviere Marie
1987,Planes Trains & Automobiles,Martin Steve,Robbins Laila
1990,Pretty Woman,Gere Richard,Roberts Julia
1991,Flatliners,Sutherland Kiefer,Roberts Julia
1991,Hook,Williams Robin,Roberts Julia
1940,Riders of Pasco Basin,Brown Johnny Mack,Robinson Frances
1992,Gotta Dance Gotta Sing,Astaire Fred,Rogers Ginger
1990,Desperate Hours,Rourke Mickey,Rogers Mimi
1986,Gung Ho,Keaton Michael,Rogers Mimi
1992,Shooting Elizabeth,Goldblum Jeff,Rogers Mimi
1951,Strangers on a Train,Granger Farley,Roman Ruth
1979,Sacketts The,Elliott Sam,Roman Ruth
1991,To Die Standing,De Young Cliff,Rose Jamie
1980,Rodeo Girl,Hopkins Bo,Ross Katharine
1969,Butch Cassidy & the Sundance Kid,Newman Paul,Ross Katharine
1968,Hellfighters,Wayne John,Ross Katharine
1980,Final Countdown The,Douglas Kirk,Ross Katharine
1986,Blue Velvet,MacLachlan Kyle,Rossellini Isabella
1989,Cousins,Danson Ted,Rossellini Isabella
1976,Black & White in Color,Carmet Jean,Rouvel Catherine
1988,Another Woman,Hackman Gene,Rowlands Gena
1992,Night on Earth,Benigni Roberto,Rowlands Gena
1988,Permanent Record,Boyce Alan,Rubin Jennifer
1992,Fisher King The,Williams Robin,Ruehl Mercedes
1991,Another You,Pryor Richard,Ruehl Mercedes
1958,Young Lions The,Brando Marlon,Rush Barbara
1988,Cheerleader Camp,Garrett Leif,Russell Betsy
1990,Trapper County War,Hudson Ernie,Russell Betsy
1947,Angel & the Badman,Wayne John,Russell Gail
1990,Impulse,Fahey Jeff,Russell Theresa
1988,Track Twenty-Nine,Oldman Gary,Russell Theresa
1991,Freejack,Estevez Emilio,Russo Rene
1939,John Wayne Matinee Double Feature No. 1,Wayne John,Rutherford Ann
1988,Smallest Show on Earth The,Sellers Peter,Rutherford Margaret
1987,Innerspace,Quaid Dennis,Ryan Meg
1988,Presidio The,Connery Sean,Ryan Meg
1990,Joe Versus the Volcano,Hanks Tom,Ryan Meg
1991,Doors The,Kilmer Val,Ryan Meg
1990,Welcome Home Roxy Carmichael,Daniels Jeff,Ryder Winona
1972,Cancel My Reservation,Hope Bob,Saint Eva Marie
1991,North by Northwest,Grant Cary,Saint Eva Marie
1966,Russians Are Coming the Russians Are The,Reiner Carl,Saint Eva Marie
1992,Exodus,Newman Paul,Saint Eva Marie
1982,Ballad of Narayama The,Ogata Ken,Sakamoto Sumiko
1985,Out of the Darkness,Sheen Martin,Salt Jennifer
1971,Garden of the Finzi-Continis The,Capolicchio Lino,Sanda Dominique
1974,Steppenwolf,Sydow Max von,Sanda Dominique
1973,Mackintosh Man The,Newman Paul,Sanda Dominique
1968,Partner,Clementi Pierre,Sandrelli Stefania
1970,Conformist The,Trintignant Jean-Louis,Sandrelli Stefania
1971,Dirty Harry,Eastwood Clint,Santoni Reni
1986,Ferris Bueller's Day Off,Broderick Matthew,Sara Mia
1986,Legend,Cruise Tom,Sara Mia
1984,Buddy System The,Dreyfuss Richard,Sarandon Susan
1989,A Dry White Season,Sutherland Donald,Sarandon Susan
1975,Rocky Horror Picture Show The,Gray Charles,Sarandon Susan
1968,War & Peace,Tikhonov Vyacheslav,Savelyeva Lyudmila
1992,Defense of the Realm,Elliott Denholm,Scacchi Greta
1991,Basil The Rat,Cleese John,Scales Prunella
1979,Fawlty Towers Gourmet Night Waldorf Salad & The Kipper & the Corpse,Cleese John,Scales Prunella
1991,Going Under,Pullman Bill,Schaal Wendy
1990,U S. Sub Standard.,Pullman Bill,Schaal Wendy
1990,Hells Angels on Wheels,Nicholson Jack,Scharf Sabrina
1975,Passenger The,Nicholson Jack,Schneider Maria
1973,Last Tango in Paris,Brando Marlon,Schneider Maria
1987,Indigo Autumn & Lilac Dream,Singer Marc,Schrage Lisa
1924,Kriemhild's Revenge The Nibelungenlied,Loos Theodor,Schön Margarete
1966,Johnny Tiger,Taylor Robert,Scott Brenda
1986,Head Office,Reinhold Judge,Seymour Jane
1990,Live & Let Die,Moore Roger,Seymour Jane
1972,Le Charme Discret de la Bourgeoisie,Rey Fernando,Seyrig Delphine
1986,Blue City,Nelson Judd,Sheedy Ally
1983,Bad Boys,Penn Sean,Sheedy Ally
1986,Whoopee Boys The,O'Keefe Michael,Shelley Carole
1971,Last Picture Show The,Bottoms Timothy,Shepherd Cybill
1988,Diamond Trap The,Hessman Howard,Shields Brooke
1981,Endless Love,Hewitt Martin,Shields Brooke
1976,Rocky,Stallone Sylvester,Shire Talia
1988,Cocktail,Cruise Tom,Shue Elisabeth
1936,Sabotage,Homolka Oskar,Sidney Sylvia
1977,Madame Rosa,Youb Samy Ben,Signoret Simone
1985,Fozzie's Muppet Scrapbook,Berle Milton,Sills Beverly
1954,Desiree,Brando Marlon,Simmons Jean
1960,Spartacus,Douglas Kirk,Simmons Jean
1955,Guys & Dolls,Brando Marlon,Simmons Jean
1992,Until They Sail,Newman Paul,Simmons Jean
1988,Coming to America,Murphy Eddie,Sinclair Madge
1963,Lilies of the Field,Poitier Sidney,Skala Lilia
1987,River's Edge,Glover Crispin,Skye Ione
1986,Ruthless People,DeVito Danny,Slater Helen
1987,Secret of My Success The,Fox Michael J.,Slater Helen
1965,Shop on Main Street The,Kroner Josef,Slivoka Hana
1988,Funny Farm,Chase Chevy,Smith Madolyn
1988,Lonely Passion of Judith Hearne The,Hoskins Bob,Smith Maggie
1978,California Suite,Caine Michael,Smith Maggie
1986,Maximum Overdrive,Estevez Emilio,Smith Yeardley
1985,Pale Rider,Eastwood Clint,Snodgress Carrie
1990,Kissing Place The,Birney Meredith Baxter,Snow Victoria
1986,French Lesson,Sterling Alexandre,Snowden Jane
1985,Roller Blade,Hutchinson Jeff,Solari Suzanne
1964,A Shot in the Dark,Sellers Peter,Sommer Elke
1979,Treasure Seekers The,Whitman Stuart,Sommer Elke
1982,Missing,Lemmon Jack,Spacek Sissy
1989,Picasso Trigger,Bond Steve,Speir Dona
1987,Hard Ticket to Hawaii,Moss Ronn,Speir Dona
1990,Diamonds are Forever,Connery Sean,St. John Jill
1933,Baby Face,Brent George,Stanwyck Barbara
1992,Violent Men The,Ford Glenn,Stanwyck Barbara
1985,Cocoon,Ameche Don,Stapleton Maureen
1986,Clockwise,Cleese John,Steadman Alison
1993,Romantic Comedy,Moore Dudley,Steenburgen Mary
1981,Outland,Connery Sean,Sternhagen Frances
1967,Hang 'em High,Eastwood Clint,Stevens Inger
1992,Basic Instinct,Douglas Michael,Stone Sharon
1990,Total Recall,Schwarzenegger Arnold,Stone Sharon
1987,Stakeout,Dreyfuss Richard,Stowe Madeleine
1992,Unnamable II The Statement of Randolph Carter The,Rhys-Davies John,Strain Julie
1967,Trip The,Fonda Peter,Strasberg Susan
1987,Ironweed,Nicholson Jack,Streep Meryl
1979,Kramer vs. Kramer,Hoffman Dustin,Streep Meryl
1988,Still of the Night,Scheider Roy,Streep Meryl
1991,Defending Your Life,Brooks Albert,Streep Meryl
1978,Deer Hunter The,De Niro Robert,Streep Meryl
1984,Falling in Love,De Niro Robert,Streep Meryl
1986,Heartburn,Nicholson Jack,Streep Meryl
1983,Silkwood,Russell Kurt,Streep Meryl
1982,Sophie's Choice,Kline Kevin,Streep Meryl
1985,Out of Africa,Redford Robert,Streep Meryl
1981,French Lieutenant's Woman The,Irons Jeremy,Streep Meryl
1985,Plenty,Dance Charles,Streep Meryl
1988,A Cry in the Dark,Neill Sam,Streep Meryl
1989,She-Devil,Begley Ed Jr.,Streep Meryl
1992,Death Becomes Her,Willis Bruce,Streep Meryl
1991,Kids & Pesticides,Whyatt Robin,Streep Meryl
1970,On a Clear Day You Can See Forever,Montand Yves,Streisand Barbra
1987,Nuts,Dreyfuss Richard,Streisand Barbra
1983,Yentl,Patinkin Mandy,Streisand Barbra
1968,Funny Girl,Sharif Omar,Streisand Barbra
1990,Fellow Traveller,Travanti Daniel J.,Stubbs Imogen
1970,Dodesukaden,Zushi Yoshitaka,Sugai Kin
1987,Sicilian The,Lambert Christopher,Sukowa Barbara
1941,So Ends Our Night,March Fredric,Sullavan Margaret
1984,Sword of the Valiant,O'Keeffe Miles,Sutton Emma
1949,Devil's Wanton The,Malmsten Birger,Svedlund Doris
1989,Driving Miss Daisy,Freeman Morgan,Tandy Jessica
1991,Seventh Cross The,Tracy Spencer,Tandy Jessica
1983,Between Friends,Ramer Henry,Taylor Elizabeth
1957,Raintree County,Clift Montgomery,Taylor Elizabeth
1975,Driver's Seat The,Bannen Ian,Taylor Elizabeth
1967,Reflections in a Golden Eye,Brando Marlon,Taylor Elizabeth
1972,X Y & Zee,Caine Michael,Taylor Elizabeth
1968,Secret Ceremony,Mitchum Robert,Taylor Elizabeth
1963,Cleopatra,Burton Richard,Taylor Elizabeth
1950,Father of the Bride,Taylor Rod,Taylor Elizabeth
1992,Who's Afraid of Virginia Woolf?,Burton Richard,Taylor Elizabeth
1977,A Little Night Music,Cariou Len,Taylor Elizabeth
1956,Giant,Hudson Rock,Taylor Elizabeth
1985,Rumor Mill The,Dysart Richard A.,Taylor Elizabeth
1943,Lassie Come Home,McDowall Roddy,Taylor Elizabeth
1993,Return Engagement,Bottoms Joseph,Taylor Elizabeth
1972,Hammersmith Is Out,Burton Richard,Taylor Elizabeth
1991,Super Duper Bloopers,Cooper Gary,Taylor Elizabeth
1991,Elizabeth Taylor Collection The,Fisher Eddie,Taylor Elizabeth
1973,Ash Wednesday,Fonda Henry,Taylor Elizabeth
1991,Last Time I Saw Paris The,Johnson Van,Taylor Elizabeth
1931,Cimarron,Dix Richard,Taylor Estelle
1992,Apache Woman,Bridges Lloyd,Taylor Joan
1984,Gary Numan - Berzerker,Webb John,Taylor Karen
1988,Mystic Pizza,Moses William,Taylor Lili
1991,Dogfight,Phoenix River,Taylor Lili
1935,Adventures of Rex & Rinty The,Rex the Wonder Horse,Taylor Norma
1988,Daphnis & Chloe,Morrow Carl,Taylor Victoria
1980,Marathon,Newhart Bob,Taylor-Young Leigh
1948,Fort Apache,Fonda Henry,Temple Shirley
1937,Wee Willie Winkie,Romero Cesar,Temple Shirley
1987,Big Shots,Busker Ricky,Thayer Brynn
1988,Doin' Time on Planet Earth,Strouse Nocholas,Thompson Andrea
1983,All the Right Moves,Cruise Tom,Thompson Lea
1987,Some Kind of Wonderful,Stoltz Eric,Thompson Lea
1990,All New Tales from the Crypt A Trilogy,Walsh M. Emmet,Thompson Lea
1985,Back to the Future,Fox Michael J.,Thompson Lea
1963,Winter Light,Björnstrand Gunnar,Thulin Ingrid
1963,Silence The,Malmsten Birger,Thulin Ingrid
1959,Magician The,Sydow Max von,Thulin Ingrid
1961,Four Horsemen of the Apocalypse The,Ford Glenn,Thulin Ingrid
1986,Critical Condition,Pryor Richard,Ticotin Rachel
1989,Center of the Web,Curtis Tony,Tilton Charlene
1990,Border Shootout,Ford Glenn,Tilton Charlene
1989,Lean on Me,Freeman Morgan,Todd Beverly
1986,On Wings of Eagles,Lancaster Burt,Towers Constance
1941,Texas,Holden William,Trevor Claire
1939,Allegheny Uprising,Wayne John,Trevor Claire
1940,Dark Command,Wayne John,Trevor Claire
1986,Peggy Sue Got Married,Cage Nicolas,Turner Kathleen
1989,Dear America Letters Home from Vietnam,De Niro Robert,Turner Kathleen
1985,Prizzi's Honor,Nicholson Jack,Turner Kathleen
1983,Man with Two Brains The,Martin Steve,Turner Kathleen
1984,Crimes of Passion,Perkins Anthony,Turner Kathleen
1985,Jewel of the Nile The,Douglas Michael,Turner Kathleen
1984,Romancing the Stone,Douglas Michael,Turner Kathleen
1988,Accidental Tourist The,Hurt William,Turner Kathleen
1955,Sea Chase The,Wayne John,Turner Lana
1958,Another Time Another Place,Connery Sean,Turner Lana
1988,Cannibal Women in the Avocado Jungle of Death,Primus Barry,Tweed Shannon
1986,Mr Love.,Jackson Barry,Tyzack Margaret
1968,2001: A Space Odyssey,Dullea Keir,Tyzack Margaret
1966,Persona,Björnstrand Gunnar,Ullman Liv
1973,Scenes from a Marriage,Josephson Erland,Ullman Liv
1968,Hour of the Wolf,Sydow Max von,Ullman Liv
1969,Passion of Anna The,Sydow Max von,Ullman Liv
1984,Dangerous Moves,Caron Leslie,Ullman Liv
1957,Sayonara,Brando Marlon,Umeki Miyoshi
1968,Where Eagles Dare,Burton Richard,Ure Mary
1985,Teen Wolf,Fox Michael J.,Ursitti Susan
1990,Amazon,Davi Robert,Vaananen Kari
1973,Paper Chase The,Bottoms Timothy,Wagner Lindsay
1959,Virgin Spring The,Sydow Max von,Valberg Brigitta
1970,Spider's Stratagem,Brogi Giulio,Valli Alida
1971,Play Misty for Me,Eastwood Clint,Walter Jessica
1981,Going Ape,Danza Tony,Walter Jessica
1967,Cool Hand Luke,Newman Paul,Van Fleet Jo
1988,Phantom of the Ritz,Bergman Peter,Van Valkenburgh Deborah
1990,Crash & Burn,Ganus Paul,Ward Megan
1991,After Dark My Sweet,Patric Jason,Ward Rachel
1992,Christopher Columbus: The Discovery,Brando Marlon,Ward Rachel
1986,Young Sherlock Holmes,Rowe Nicholas,Ward Sophie
1991,Doc Hollywood,Fox Michael J.,Warner Julie
1988,Baja Oklahoma,Coyote Peter,Warren Lesley Ann
1986,Aliens,Biehn Michael,Weaver Sigourney
1992,Alien Three,Dutton Charles,Weaver Sigourney
1997,Alien: resurrection,Perlman Ron,Weaver Sigourney
1979,Alien,Skerritt Tom,Weaver Sigourney
1985,One Woman or Two,Depardieu Gérard,Weaver Sigourney
1984,Soggy Bottom U. S. A.,Johnson Ben,Wedgeworth Ann
1973,Bang the Drum Slowly,Moriarty Michael,Wedgeworth Ann
1974,Catamount Killing The,Buchholz Horst,Wedgeworth Ann
1972,Fuzz,Reynolds Burt,Welch Raquel
1966,Shoot Loud Louder I Don't Understand!,Mastroianni Marcello,Welch Raquel
1967,Bedazzled,Cook Peter,Welch Raquel
1977,Prince & the Pauper The,Reed Oliver,Welch Raquel
1969,One Hundred Rifles,Reynolds Burt,Welch Raquel
1975,Wild Party The,Dukes David,Welch Raquel
1968,Bandolero!,Stewart James,Welch Raquel
1973,Last of Sheila The,Coburn James,Welch Raquel
1972,Hannie Caulder,Borgnine Ernest,Welch Raquel
1990,Sounds of the Seventies...& the Beat Goes,Jones Tom,Welch Raquel
1988,Bird,Whitaker Forest,Venora Diane
1955,Meet Millie,Halop Florence,Verdugo Elena
1987,Hell Comes to Frogtown,LeFlore Julius,Verrell Cec
1966,Fortune Cookie The,Lemmon Jack,West Judi
1990,Sun Shines Bright The,Winninger Charles,Whelan Arleen
1987,Squeeze The,Keach Stacy,White Carol
1970,Start the Revolution Without Me,Wilder Gene,Whitelaw Billie
1989,Major League,Sheen Charlie,Whitton Margaret
1990,Bright Lights Big City,Fox Michael J.,Wiest Dianne
1987,Lost Boys The,Patric Jason,Wiest Dianne
1989,Cookie,Falk Peter,Wiest Dianne
1974,Conversation The,Hackman Gene,Williams Cindy
1973,American Graffiti,Dreyfuss Richard,Williams Cindy
1953,Dangerous When Wet,Lamas Fernando,Williams Esther
1980,Stir Crazy,Pryor Richard,Williams JoBeth
1989,Young Einstein,Serious Yahoo,Wilson Pee-Wee
1956,Killing The,Hayden Sterling,Windsor Marie
1973,Cahill United States Marshal,Wayne John,Windsor Marie
1989,Savage Intruder The,Garfield John David,Wing Virginia
1992,Sheltering Sky The,Malkovich John,Winger Debra
1982,An Officer & a Gentleman,Gere Richard,Winger Debra
1987,Black Widow,Hopper Dennis,Winger Debra
1986,Legal Eagles,Redford Robert,Winger Debra
1970,Bloody Mama,Stroud Don,Winters Shelley
1965,A Patch of Blue,Poitier Sidney,Winters Shelley
1955,I Died a Thousand Times,Palance Jack,Winters Shelley
1977,Tentacles,Huston John,Winters Shelley
1968,Scalphunters The,Lancaster Burt,Winters Shelley
1992,A Day in October,Sweeney D. B.,Wolf Kelly
1964,A Fistful of Dollars,Eastwood Clint,Volonte Gian Maria
1985,My Science Project,Stockwell John,Von Zerneck Danielle
1991,Great Race The,Moore Dudley,Wood Natalie
1956,Searchers The,Wayne John,Wood Natalie
1979,Meteor,Connery Sean,Wood Natalie
1955,Rebel Without a Cause,Dean James,Wood Natalie
1961,West Side Story,Beymer Richard,Wood Natalie
1970,Trash,Dallesandro Joe,Woodlawn Holly
1966,A Big Hand for the Little Lady,Fonda Henry,Woodward Joanne
1966,A Fine Madness,Connery Sean,Woodward Joanne
1987,Glass Menagerie The,Malkovich John,Woodward Joanne
1989,Harry & Son,Newman Paul,Woodward Joanne
1968,Rachel Rachel,Olson James,Woodward Joanne
1961,Paris Blues,Newman Paul,Woodward Joanne
1960,Fugitive Kind The,Brando Marlon,Woodward Joanne
1993,Mr. & Mrs. Bridge,Newman Paul,Woodward Joanne
1991,State of Grace,Penn Sean,Wright Robin
1943,Shadow of a Doubt,Cotten Joseph,Wright Teresa
1950,Men The,Brando Marlon,Wright Teresa
1950,Stage Fright,Wilding Michael,Wyman Jane
1947,Magic Town,Stewart James,Wyman Jane
1975,That Lucky Touch,Moore Roger,York Susannah
1949,Lust for Gold,Ford Glenn,Young Gig
1987,Heat,Reynolds Burt,Young Karen
1993,Employee's Entrance,William Warren,Young Loretta
1947,Night Is My Future,Malmsten Birger,Zetterling Mai
1990,Witches The,Fisher Jasen,Zetterling Mai
